-- MySQL dump 10.13  Distrib 5.5.47, for debian-linux-gnu (x86_64)
--
-- Host: localhost    Database: levoyage
-- ------------------------------------------------------
-- Server version	5.5.47-0ubuntu0.14.04.1

/*!40101 SET @OLD_CHARACTER_SET_CLIENT=@@CHARACTER_SET_CLIENT */;
/*!40101 SET @OLD_CHARACTER_SET_RESULTS=@@CHARACTER_SET_RESULTS */;
/*!40101 SET @OLD_COLLATION_CONNECTION=@@COLLATION_CONNECTION */;
/*!40101 SET NAMES utf8 */;
/*!40103 SET @OLD_TIME_ZONE=@@TIME_ZONE */;
/*!40103 SET TIME_ZONE='+00:00' */;
/*!40014 SET @OLD_UNIQUE_CHECKS=@@UNIQUE_CHECKS, UNIQUE_CHECKS=0 */;
/*!40014 SET @OLD_FOREIGN_KEY_CHECKS=@@FOREIGN_KEY_CHECKS, FOREIGN_KEY_CHECKS=0 */;
/*!40101 SET @OLD_SQL_MODE=@@SQL_MODE, SQL_MODE='NO_AUTO_VALUE_ON_ZERO' */;
/*!40111 SET @OLD_SQL_NOTES=@@SQL_NOTES, SQL_NOTES=0 */;

--
-- Table structure for table `book_hotel`
--

DROP TABLE IF EXISTS `book_hotel`;
/*!40101 SET @saved_cs_client     = @@character_set_client */;
/*!40101 SET character_set_client = utf8 */;
CREATE TABLE `book_hotel` (
  `id` int(10) NOT NULL AUTO_INCREMENT,
  `hotel_name` varchar(50) NOT NULL,
  `time_to` varchar(50) NOT NULL,
  `time_from` varchar(50) NOT NULL,
  `num_member` int(10) NOT NULL,
  `num_rooms` int(10) NOT NULL,
  `user_id` int(10) NOT NULL,
  PRIMARY KEY (`id`),
  KEY `user_id` (`user_id`),
  KEY `hotel_name` (`hotel_name`),
  CONSTRAINT `book_hotel_ibfk_1` FOREIGN KEY (`user_id`) REFERENCES `user` (`id`) ON DELETE CASCADE ON UPDATE CASCADE,
  CONSTRAINT `book_hotel_ibfk_2` FOREIGN KEY (`hotel_name`) REFERENCES `hotel` (`name`) ON DELETE CASCADE ON UPDATE CASCADE
) ENGINE=InnoDB DEFAULT CHARSET=latin1;
/*!40101 SET character_set_client = @saved_cs_client */;

--
-- Dumping data for table `book_hotel`
--

LOCK TABLES `book_hotel` WRITE;
/*!40000 ALTER TABLE `book_hotel` DISABLE KEYS */;
/*!40000 ALTER TABLE `book_hotel` ENABLE KEYS */;
UNLOCK TABLES;

--
-- Table structure for table `city`
--

DROP TABLE IF EXISTS `city`;
/*!40101 SET @saved_cs_client     = @@character_set_client */;
/*!40101 SET character_set_client = utf8 */;
CREATE TABLE `city` (
  `id` int(10) NOT NULL AUTO_INCREMENT,
  `name` varchar(50) NOT NULL,
  `image_path` varchar(100) NOT NULL,
  `description` text NOT NULL,
  `rate` int(20) NOT NULL DEFAULT '0',
  `lat` double DEFAULT NULL,
  `longd` double DEFAULT NULL,
  `country_id` int(10) NOT NULL,
  PRIMARY KEY (`id`),
  KEY `country` (`country_id`),
  CONSTRAINT `city_ibfk_1` FOREIGN KEY (`country_id`) REFERENCES `country` (`id`) ON DELETE CASCADE ON UPDATE CASCADE
) ENGINE=InnoDB AUTO_INCREMENT=58 DEFAULT CHARSET=latin1;
/*!40101 SET character_set_client = @saved_cs_client */;

--
-- Dumping data for table `city`
--

LOCK TABLES `city` WRITE;
/*!40000 ALTER TABLE `city` DISABLE KEYS */;
INSERT INTO `city` VALUES (8,'Rome','Roman.jpg','Rome (Roma), the eternal city, is literally eternal. It has endured for over 2,700 years, with an ambiance like no other. Embedded in centuries of history and culture, it is Italy\'s capital and largest city, offering far too much to see in one visit. In this city a phenomenal concentration of history, legend, and monuments coexists with an equally phenomenal concentration of people busily going about their everyday life.\r\n\r\nHere the ancient world is integrated with the modern. The Roman Forum and the Pantheon rub shoulders with Baroque palazzos, and Renaissance villas sit alongside the modernism of Mussolini\'s redesign of the capital, and you can drive along a busy Roman street and see the Coliseum rearing up in front of you.\r\n\r\nRome (Roma) means history: Etruscan tombs, Republican meeting rooms, imperial temples, early Christian churches, medieval bell towers, Renaissance palaces, and baroque basilicas. As you stroll through this remarkable city you are walking in the footsteps of the Caesars, St. Peter, Charlemagne, the Popes, and Michelangelo!',0,41.9,12.4833333,30),(9,'Milan','Milan.jpg','Milan, the capital of Lombardy, has a population of 1.3 million people. It is the biggest industrial city of Italy with many different industrial sectors. It is a magnetic point for designers, artists, photographers and models. Milan has an ancient city centre with high and interesting buildings and palazzos, which is why so many people from all over the world want to see the city of glamour.\r\n\r\n ',0,45.465422,9.185924,30),(10,'Naples','napless.jpg','Naples is located halfway between two volcanic areas, the volcano Mount Vesuvius and the Phlegraean Fields.The city is noted for its rich history, art, culture and gastronomy and, in the modern day, the historic centre of the city is listed by UNESCO as a World Heritage Site. The metropolitan area of Naples is the second most populated in Italy and one of the largest in all of Europe with around 3.8 million people.\r\n\r\nThe whole history of Naples is based on the concept of welcoming foreigners and of different cultures living side by side. The city\'s enviable geographical position half-way down the Italian coast makes it easy to reach from anywhere in the world.\r\n\r\nThe wonderful historical, artistic and archaeological heritage is an intrinsic part of the city. At the same time, we mustn\'t forget its contemporary creative nature which ensures the city always has some new project on the go, some new goal, and plenty of new ideas.\r\n\r\nNaples is a city on the sea, a place full of light yet with dark, hidden foundations. It has a great cultural and artistic identity which is stamped on the brow of its many museums, castles, churches, squares, narrow streets and archaeological remains. It is a city in which culture, art and \"light\" mix with the obscure darkness of a hidden, submerged, underground world.',0,26.142036,-81.79481,30),(11,'Palermo','Palermo.jpg','Palermo is Sicily\'s cultural, economic and touristic capital. It is a city rich in history, culture, art, music and food. Numerous tourists are attracted to the city for its good Mediterranean weather, its renowned gastronomy and restaurants, its Romanesque, Gothic and Baroque churches, palaces and buildings, and its nightlife and music. Palermo is the main Sicilian industrial and commercial center: the main industrial sectors include tourism, services, commerce and agriculture.[2] Palermo currently has an international airport, and a significant underground economy.[citation needed] In fact, for cultural, artistic and economic reasons, Palermo was one of the largest cities in the Mediterranean and is now among the top tourist destinations in both Italy and Europe. The city is also going through careful redevelopment, preparing to become one of the major cities of the Euro-Mediterranean area.',0,38.115688,13.361267,30),(12,'Bologna','Bologna.jpg','Bologna is home to numerous prestigious cultural, economic and political institutions as well as one of the most impressive trade fair districts in Europe. In 2000 it was declared European capital of culture and in 2006, a UNESCO “city of music”. The city of Bologna was selected to participate in the Universal Exposition of Shanghai 2010 together with 45 other cities from around the world. Bologna is also one of the wealthiest cities in Italy, often ranking as one of the top cities in terms of quality of life in the country: in 2011 it ranked 1st out of 107 Italian cities.',0,44.494887,11.342616,30),(13,'Florence','Florence.jpg','Florence is an important city in Italian fashion being ranked in the top 51 fashion capitals of the world furthermore, it is a major national economic centre as well as a tourist and industrial hub. In 2008, the city had the 17th highest average income in Italy.',0,43.76956,11.255814,30),(14,'Bari','Bari.jpg','Bari is made up of four different urban sections. To the north is the closely built old town on the peninsula between two modern harbours, with the Basilica of Saint Nicholas, the Cathedral of San Sabino (1035–1171) and the Hohenstaufen Castle built for Frederick II, which is now also a major nightlife district. To the south is the Murat quarter (erected by Joachim Murat), the modern heart of the city, which is laid out on a rectangular grid-plan with a promenade on the sea and the major shopping district (the via Sparano and via Argiro).\r\n\r\nModern residential zones surround the centre of Bari, the result of chaotic development during the 1960s and 1970s replacing the old suburbs that had developed along roads splaying outwards from gates in the city walls. In addition, the outer suburbs have developed rapidly during the 1990s. The city has a redeveloped airport named after Pope John Paul II, Karol Wojty&#322;a Airport, with connections to several European cities.',0,41.117143,16.871871,30),(15,'Istanbul','Istanbul.jpg','Istanbul\'s strategic position on the historic Silk Road, rail networks to Europe and the Middle East, and the only sea route between the Black Sea and the Mediterranean have produced a cosmopolitan populace, although less so since the establishment of the Turkish Republic in 1923. Overlooked for the new capital during the interwar period, the city has since regained much of its prominence. The population of the city has increased tenfold since the 1950s, as migrants from across Anatolia have moved in and city limits have expanded to accommodate them. Arts, Music, Film and Cultural festivals were established at the end of the 20th century and continue to be hosted by the city today, and infrastructure improvements have produced a complex transportation network.',0,41.008238,28.978359,20),(16,'Ankara','Ankara.jpg','Ankara is a very old city with various Hittite, Phrygian, Hellenistic, Roman, Byzantine, and Ottoman archaeological sites. The historical center of town is a rocky hill rising 150 m (500 ft) over the left bank of the Ankara Çay&#305;, a tributary of the Sakarya River, the classical Sangarius. The hill remains crowned by the ruins of the old citadel. Although few of its outworks have survived, there are well-preserved examples of Roman and Ottoman architecture throughout the city, the most remarkable being the 20 BC Temple of Augustus and Rome that boasts the Monumentum Ancyranum, the inscription recording the Res Gestae Divi Augusti.',0,39.933363,32.859742,20),(17,'Gaziantep','Gaziantep.jpg','Gaziantep, previously and still informally called Antep, is a city in the western part of Turkey\'s Southeastern Anatolia Region, some 185 kilometres (115 mi) east of Adana and 97 kilometres (60 mi) north of Aleppo, Syria. The city has two urban districts under its administration, &#350;ahinbey and &#350;ehitkamil. It is the sixth most populous city in Turkey. In 2014 the city of Gaziantep had a population of 1,465,019.',0,37.065953,37.37811,20),(18,'Samsun','Samsun.jpg','Samsun is a city with a population over half a million people on the north coast of Turkey. It is the provincial capital of Samsun Province and a major Black Sea port. The growing city has two universities, several hospitals, shopping malls, a lot of light manufacturing industry, sports facilities and an opera.\r\n\r\nMustafa Kemal Atatürk began the Turkish War of Independence here in 1919',0,41.279703,36.336067,20),(19,'Antalya','Antalya.jpg','The city that is now Antalya was first settled around 200 BC by the Attalid dynasty of Pergamon, which was soon subdued by the Romans. Roman rule saw Antalya thrive, including the construction of several new monuments, such as Hadrian\'s Gate, and the proliferation of neighboring cities. The city has changed hands several times, including to the Byzantine Empire in 1207 and an expanding Ottoman Empire in 1391. Ottoman rule brought relative peace and stability for the next five-hundred years. The city was transferred to Italian suzerainty in the aftermath of World War I, but was recaptured by a newly independent Turkey in the War of Independence.\r\n\r\nAntalya is Turkey\'s biggest international sea resort, located on the Turkish Riviera. Large-scale development and governmental funding has promoted tourism. A record 12.5 million tourists passed through the city in 2014.',0,36.896891,30.713323,20),(20,'Oran','Oran.jpg','Oran is an important coastal city that is located in the north-west of Algeria. It is considered the second most important city after the capital Algiers, due to its commercial, industrial, and cultural importance. It is 432 km (268 mi) from Algiers. The total population of the city was 759,645 in 2008 (2008), while the metropolitan area has a population of approximately 1,500,000, making it the second largest city in Algeria.\r\n\r\nThe name \"Wahran\" (Oran in Arabic) is derived from the Berber word \"uharan\" (two lions).\r\n\r\nLegend says that in 900 AD, lions still lived in the area. The last two lions were hunted on a mountain near Oran and are elsewhere referred to as \"mountain lions\"',0,35.697654,-0.633738,18),(21,'Constantine','Constantine.jpg','Constantine is the capital of Constantine Province in north-eastern Algeria. During Roman times it was called Cirta and was renamed \"Constantina\" in honor of emperor Constantine the Great. It was the capital of the same-named French département until 1962. Slightly inland, it is about 80 kilometres (50 miles) from the Mediterranean coast, on the banks of the Rhumel river.',0,36.360155,6.642433,18),(22,'Blida','Blida.jpg','Blida lies surrounded with orchards and gardens, 190 metres (620 ft) above the sea, at the base of the Tell Atlas, on the southern edge of the fertile Mitidja Plain, and the right bank of the Oued el kebir outflow from the Chiffa gorge. The abundant water of this stream provides power for large corn mills and several factories, and also supplies the town, with its numerous fountains and irrigated gardens. Blida is surrounded by a wall of considerable extent, pierced by six gates, and is further defended by Port Mimieh, crowning a steep hill on the left bank of the river.\r\n\r\nThe nearby Chiffa gorge is a habitat of the endangered Barbary macaque, Macaca sylvanus; this habitat is one of only a few relict locations where populations of this primate are found.',0,36.479868,2.800568,18),(23,'Annaba','Annaba.jpg','Annaba is a coastal city and has undergone significant growth. Annaba has a metropolitan area with a higher population density than the other metropolises of the Algerian coastline such as Oran and the capital Algiers. Much of eastern and southern Algeria seeks the services, equipment, and infrastructure of the city. Economically, it is the centre for various dynamic activities, such as industry, transport, finance and tourism.',0,36.926458,7.752535,18),(24,'Paris','rsz_paris.jpg','Paris is the capital city of France, and the largest city in that country. The area is 105 square km, and around 2.15 million people live there. If suburbs are counted, the population of the Paris area rises to 12 million people.\r\n\r\nThe Seine river runs through the oldest part of Paris, and divides it into two parts, known as the Left Bank and the Right Bank. It is surrounded by many forests.\r\n\r\nParis is also the center of French economy, politics, traffic and culture. Paris has many art museums and historical buildings. As a traffic center, Paris has a very good underground subway system (called the Metro). It also has two airports. The Metro was built in 1900, and its total length is more than 200 km.\r\n\r\nThe city has a multi-cultural style, because 20% of the people there are from outside France. There are many different restaurants with all kinds of food. Paris also has some types of pollution like air pollution and light pollution.',0,48.856614,2.352222,21),(25,'Lyon','Lyon.jpg','Lyon  is a city in the southeast of France. Today it is the second largest metropolis, or metro area in France (Paris is the largest). In 2012, about 500,000 people lived in Lyon, about 2,300,000 in the urban area.\r\n\r\nIn ancient history, the name of Lyon was Lugdunum. Someone who lives in Lyon is called a Lyonnais (male) or a Lyonnaise (female) in French.\r\n\r\nLyon is between the Rhône and the Saône. It is about 150 kilometres (93 mi) west of the Italian border.',0,45.764043,4.835659,18),(26,'Nice','Nice.jpg','Nice is a city in southern France on the Mediterranean coast. It is a commune in the French department of Alpes-Maritimes. It has over 345,000 people living in the city as of 2012 (1,000,000 in its metropolitan area). It has many beaches. It has a hot-summer Mediterranean climate. Summers are hot, dry, and sunny; winters are temperate, rarely going below 20°C.\r\n\r\nFrom the late 18th century, wealthy British visitors came to Nice, with its beauty and its warm but mild climate. Queen Victoria was amongst them: she made several visits. The city\'s main seaside promenade, the Promenade des Anglais owes its name to these visitors. The clear air and soft light appeals to painters. Marc Chagall and Henri Matisse spent years here, and are well represented in the city\'s museums, the Musée Marc Chagall, Musée Matisse and Musée des Beaux-Arts.\r\n\r\nNice has the second largest hotel capacity in the country, and is one of its most visited cities. It gets 4 million tourists every year. It also has the third busiest airport in France after the two main Parisian ones',0,43.710173,7.261953,21),(27,'Marseille','Marseille.jpg','Marseille is a city in the south of France in the Bouches-du-Rhône department. About 1.7 million people live in the metropolitan area, and about 850,000 in the city itself. This makes it the second largest city in France by number of people. It is the third largest by size. Marseille is all in the south, just at the Mediterranean sea. It has the biggest commercial port in France. The port is one of the most important ones in the Mediterranean.\r\n\r\nAlthough part of the region of Provence, Marseilles has a soul of its own. Founded in 600 B.C. by the Greek sailors of Phocaea, this city is the oldest in France and probably the most complex.\r\n\r\nThe city was started around 600 BC by Greek sailors from (modern day) Foça. This was a Greek colony in Asia Minor. It is in what is now Turkey.',0,43.296482,43.296482,21),(28,'British Columbia','British Columbia.jpg','British Columbia evolved from British possessions that were established in what is now British Columbia by 1871. First Nations, the original inhabitants of the land, have a history of at least 10,000 years in the area. Today there are few treaties and the question of Aboriginal Title, long ignored, has become a legal and political question of frequent debate as a result of recent court actions. Notably, the Tsilhqot\'in Nation has established Aboriginal title to a portion of their territory, as a result of the recent Supreme Court of Canada decision (Tsilhqot\'in Nation v. British Columbia).',0,53.726668,-127.647621,22),(29,'Manitoba','Manitoba.jpg','Manitoba is a province located at the longitudinal centre of Canada. It is one of the three prairie provinces and is the fifth-most populous province in Canada, with a population of 1,208,268 as of 2011. Manitoba covers an area of 649,950 square kilometres (250,900 sq mi) with a widely varied landscape; the southern and western regions are predominantly prairie grassland, the eastern and northern regions are dominated by the Canadian Shield, and the far northern regions along the Hudson Bay coast are arctic tundra. Manitoba is bordered by the provinces of Ontario to the east and Saskatchewan to the west, the territory of Nunavut to the north, and the US states of North Dakota and Minnesota to the south.\r\n\r\nMore than 90% of Manitoba\'s population lives within the far southern regions of the province, where its arable land and largest cities are located. The northern region of Manitoba, which encompasses nearly 70% the province\'s total area, is mostly undeveloped consisting primarily of remote and isolated communities amongst vast wilderness. Winnipeg is the capital and most populous city in Manitoba by a significant margin, with 730,018 people residing in the Winnipeg Capital Region. Other cities in the province are Brandon, Portage la Prairie, Steinbach, Thompson, Winkler, Selkirk, Dauphin, Morden, and Flin Flon.',0,53.760861,-98.813876,22),(30,'New Brunswick','New Brunswick.jpg','New Brunswick is one of Canada\'s three Maritime provinces and is the only constitutionally bilingual (English–French) province.[4] It was created as a result of the partitioning of the British Colony of Nova Scotia in 1784. Fredericton is the capital, Moncton is the largest metropolitan (CMA) area and Saint John is the most populous city. In the 2011 nationwide census, Statistics Canada estimated the provincial population to have been 751,171. The majority of the population is English-speaking, but there is also a large Francophone minority (33%), chiefly of Acadian origin. The flag features a ship superimposed on a yellow background with a yellow lion above it.',0,40.486216,-74.451819,22),(31,'Beijing','beijing.jpg','Beijing is the capital of the People\'s Republic of China and one of the most populous cities in the world, with a total population of 21,150,000, As of 2013. The city proper is the 3rd most populous in the world. The metropolis, located in northern China, is governed as a direct-controlled municipality under the national government with 16 urban, suburban, and rural districts. Beijing Municipality is surrounded by Hebei Province with the exception of neighboring Tianjin Municipality to the southeast; together the three divisions form the Jingjinji metropolitan region and the national capital region of China.\r\n\r\nBeijing is the second largest Chinese city by urban population after Shanghai and is the nation\'s political, cultural and educational center. It is home to the headquarters of most of China\'s largest state-owned companies, and is a major hub for the national highway, expressway, railway, and high-speed rail networks. The Beijing Capital International Airport is the second busiest in the world by passenger traffic.\r\n\r\nThe city\'s history dates back three millennia. As the last of the Four Great Ancient Capitals of China, Beijing has been the political center of the country for much of the past eight centuries.The city is renowned for its opulent palaces, temples, parks, gardens, tombs, walls and gates,[14] and its art treasures and universities have made it a center of culture and art in China. Encyclopædia Britannica notes that \"few cities in the world have served for so long as the political headquarters and cultural centre of an area as immense as China.\" Beijing has seven UNESCO World Heritage Sites – the Forbidden City, Temple of Heaven, Summer Palace, Ming Tombs, Zhoukoudian, Great Wall, and the Grand Canal. Beijing hosted the 2008 Summer Olympics and was chosen to host the 2022 Winter Olympics, which will make it the first city to ever host both events.',0,39.904211,116.407395,23),(32,'Shanghai','Shanghai.jpg','Shanghai is the largest Chinese city by population and the largest city proper by population in the world. It is one of the four direct-controlled municipalities of China, with a population of more than 24 million as of 2014. It is a global financial center, and a transport hub with the world\'s busiest container port. Located in the Yangtze River Delta in East China, Shanghai sits on the south edge of the mouth of the Yangtze in the middle portion of the Chinese coast. The municipality borders the provinces of Jiangsu and Zhejiang to the north, south and west, and is bounded to the east by the East China Sea.\r\n\r\nFor centuries a major administrative, shipping, and trading town, Shanghai grew in importance in the 19th century due to European recognition of its favorable port location and economic potential. The city was one of five forced open to foreign trade following the British victory over China in the First Opium War while the subsequent 1842 Treaty of Nanking and 1844 Treaty of Whampoa allowed the establishment of the Shanghai International Settlement and the French Concession. The city then flourished as a center of commerce between east and west, and became the undisputed financial hub of the Asia Pacific in the 1930s. However, with the Communist Party takeover of the mainland in 1949, trade was reoriented to focus on socialist countries, and the city\'s global influence declined. In the 1990s, the economic reforms introduced by Deng Xiaoping resulted in an intense re-development of the city, aiding the return of finance and foreign investment to the city.',0,31.230416,121.473701,23),(33,'Hong Kong','Hong Kong.jpg','Hong Kong , officially Hong Kong Special Administrative Region of the People\'s Republic of China, is an autonomous territory on the southern coast of China at the Pearl River Estuary and the South China Sea. Hong Kong is known for its skyline and deep natural harbour. It has a land area of 1104 km2 and shares its northern border with Guangdong Province of Mainland China. With around 7.2 million inhabitants of various nationalities,Hong Kong is one of the world\'s most densely populated metropolises.\r\n\r\nAfter the First Opium War (1839–42), Hong Kong became a British colony with the perpetual cession of Hong Kong Island, followed by Kowloon Peninsula in 1860 and a 99-year lease of the New Territories from 1898. Hong Kong remained under continuous British control for about a century until the Second World War, when Japan occupied the colony from December 1941 to August 1945. British control resumed in 1945 following the Surrender of Japan. In the 1980s, negotiations between the United Kingdom and China resulted in the 1984 Sino-British Joint Declaration, which provided for the transfer of sovereignty of Hong Kong on 30 June 1997. The territory became a special administrative region of China with a high degree of autonomy on 1 July 1997 under the principle of one country, two systems. Disputes over the perceived misapplication of this principle have contributed to popular protests, including the 2014 Umbrella Revolution.',0,22.396428,114.109497,23),(34,'Macau','Macau.jpg','Macau , also spelled Macao, officially known as the Macao Special Administrative Region of the People\'s Republic of China, is a special administrative region on the southern coast of the People\'s Republic of China. Macau lies on the western side of the Pearl River Delta across from Hong Kong, which is about 64 kilometers to the east, and it is also bordered by Guangdong of Mainland China to the north and the South China Sea to the east and south.[6] With an estimated population of around 636,200 living in an area of 30.3 km2 (11.6 sq mi), it is the most densely populated region in the world.\r\n\r\nAs Portuguese Macau, it was administered by the Portuguese Empire and its inheritor states from the mid-16th century until late 1999, when it was the last remaining European colony in Asia under Portugal. Portuguese traders first settled in Macau in the 1550s. In 1557, Macau was rented to Portugal from Ming China as a trading port. The Portuguese Empire administered the city under Chinese authority and sovereignty until 1887, when Macau became a colony. Sovereignty over Macau was transferred to China on 20 December 1999. The Joint Declaration on the Question of Macau and Macau Basic Law stipulate that Macau operate with a high degree of autonomy until at least 2049, fifty years after the transfer',0,22.198745,113.543873,23),(35,'Ningguo','Ningguo.jpg','Ningguo is a county-level city in the province of Anhui&#65292;People\'s Republic of China, under the administration of Xuancheng City. It has a population of 380,000 and an area of 2,447 km2 (945 sq mi).\r\n\r\nNingguo has jurisdiction over eleven towns, seventeen townships, and one ethnic township.',0,30.633571,118.982915,23),(36,'Hezuo','Hezuo.jpg','Hezuo is administrative seat of the Gannan Tibetan Autonomous Prefecture in southern Gansu province in Western China. It is home to the Gêndên Qöling (Zö Gönba) and its Milaraiba Tower, the Langshangmaio Temple, and a mosque. There is a breed of pig, the Zoi Swine (a.k.a. Silverweed Pig), from here and the whole Gannan TAP also.',0,35.000399,102.910882,23),(37,'Berlin','Berlin.jpg','Berlin  is the capital of Germany and one of the 16 states of Germany. With a population of approximately 3.5 million people,[4] it is the second most populous city proper and the seventh most populous urban area in the European Union. Located in northeastern Germany on the banks of Rivers Spree and Havel, it is the centre of the Berlin-Brandenburg Metropolitan Region, which has about six million residents from over 180 nations.Due to its location in the European Plain, Berlin is influenced by a temperate seasonal climate. Around one-third of the city\'s area is composed of forests, parks, gardens, rivers and lakes.\r\n\r\nFirst documented in the 13th century and situated at the crossing of two important historic trade routes,[11] Berlin became the capital of the Margraviate of Brandenburg (1417–1701), the Kingdom of Prussia (1701–1918), the German Empire (1871–1918), the Weimar Republic (1919–1933) and the Third Reich (1933–1945).Berlin in the 1920s was the third largest municipality in the world.After World War II, the city was divided; East Berlin became the capital of East Germany while West Berlin became a de facto West German exclave, surrounded by the Berlin Wall (1961–1989) and East Germany territory.Following German reunification in 1990, Berlin was once again designated as the capital of united Germany.',0,52.520007,13.404954,24),(38,'Hamburg ','Hamburg .jpg','Hamburg  , officially Freie und Hansestadt Hamburg (Free and Hanseatic City of Hamburg), is the second largest city in Germany and the eighth largest city in the European Union. It is the second smallest German state by area. Its population is over 1.7 million people, and the Hamburg Metropolitan Region (including parts of the neighbouring Federal States of Lower Saxony and Schleswig-Holstein) has more than 5 million inhabitants. The city is situated on the river Elbe.\r\n\r\nThe official name reflects its history as a member of the medieval Hanseatic League, as a free imperial city of the Holy Roman Empire, a city-state, and one of the 16 states of Germany. Before the 1871 Unification of Germany, it was a fully sovereign state. Prior to the constitutional changes in 1919, the stringent civic republic was ruled by a class of hereditary grand burghers or Hanseaten.\r\n\r\nHamburg is a transport hub and is an affluent city in Europe. It has become a media and industrial centre, with plants and facilities belonging to Airbus, Blohm + Voss and Aurubis. The radio and television broadcaster Norddeutscher Rundfunk and publishers such as Gruner + Jahr and Spiegel-Verlag are pillars of the important media industry in Hamburg. Hamburg has been an important financial centre for centuries, and is the seat of the world\'s second oldest bank, Berenberg Bank.\r\n\r\nThe city is a notable tourist destination for both domestic and overseas visitors; it ranked 16th in the world for livability in 2015',0,53.551085,9.993682,24),(39,'Bremen','Bremen.jpg','The Free Hanseatic City of Bremen  is the smallest of Germany\'s 16 states. A more informal name, but used in some official contexts, is Land Bremen (\'State of Bremen\').\r\n\r\nThe state consists of two cities (Bremen and Bremerhaven) in the North of Germany, separated from each other and surrounded by the larger state of Lower Saxony.',0,53.079296,8.801694,24),(40,'Patras','Patras.jpg','Patras is Greece\'s third largest city and the regional capital of Western Greece, in northern Peloponnese, 215 km (134 mi) west of Athens. The city is built at the foothills of Mount Panachaikon, overlooking the Gulf of Patras.\r\n\r\nPatras has a population of 213,984 (in 2011). The core settlement has a history spanning four millennia; in the Roman period it had become a cosmopolitan center of the eastern Mediterranean whilst, according to Christian tradition, it was also the place of Saint Andrew\'s martyrdom. According to the results of 2011 census the population of the metropolitan area has a population of 260.308 and extends over an area of 738.87 km2.\r\n\r\nDubbed as Greece\'s Gate to the West, Patras is a commercial hub, while its busy port is a nodal point for trade and communication with Italy and the rest of Western Europe. The city has two public universities and one Technological Institute, hosting a large student population and rendering Patras a major scientific centre with a field of excellence in technological education. The Rio-Antirio bridge connects Patras\' easternmost suburb of Rio to the town of Antirrio, connecting the Peloponnese peninsula with mainland Greece.',0,38.24664,21.734574,25),(41,'Heraklion','Heraklion.jpg','Heraklion  is the largest city and the administrative capital of the island of Crete, Greece. It is one of the largest cities in Greece. According to the results of the 2011 census, the population of the city was 173,993 inhabitants while the Heraklion urban area has a population of 225,574 and it extends over an area of 684.3 km2 (264.2 sq mi).\r\n\r\nHeraklion is the capital of Heraklion regional unit.',0,35.338735,25.144213,25),(42,'Athens','Athens.jpg','Athens, Ancient Greek: &#7944;&#952;&#8134;&#957;&#945;&#953; Ath&#275;nai), is the capital and largest city of Greece. Athens dominates the Attica region and is one of the world\'s oldest cities, with its recorded history spanning around 3,400 years, and the earliest human presence started somewhere between the 11th and 7th millennium BC. Classical Athens was a powerful city-state that emerged in conjunction with the seagoing development of the port of Piraeus. A centre for the arts, learning and philosophy, home of Plato\'s Academy and Aristotle\'s Lyceum,it is widely referred to as the cradle of Western civilization and the birthplace of democracy, largely because of its cultural and political impact on the European continent and in particular the Romans.In modern times, Athens is a large cosmopolitan metropolis and central to economic, financial, industrial, maritime, political and cultural life in Greece. In 2015, Athens was ranked the world\'s 29th richest city by purchasing power and the 67th most expensive[10] in a UBS study.\r\n\r\nAthens is recognised as a global city because of its geo-strategic location and its importance in shipping, finance, commerce, media, entertainment, arts, international trade, culture, education and tourism. It is one of the biggest economic centres in southeastern Europe, with a large financial sector, and its port Piraeus is the largest passenger port in Europe, and the second largest in the world. The municipality (City) of Athens had a population of 664,046 (in 2011, 796,442 in 2004) within its administrative limits, and a land area of 39 km2 (15 sq mi). The urban area of Athens (Greater Athens and Greater Piraeus) extends beyond its administrative municipal city limits, with a population of 3,090,508 (in 2011) over an area of 412 km2 (159 sq mi).[According to Eurostat in 2004, the Athens Larger Urban Zone (LUZ) was the 7th most populous LUZ in the European Union (the 5th most populous capital city of the EU), with a population of 4,013,368. Athens is also the southernmost capital on the European mainland.',0,33.951935,-83.357567,25),(43,'Thessaloniki','Thessaloniki.jpg','Thessaloniki  is the second-largest city in Greece and the capital of Greek Macedonia, the administrative region of Central Macedonia and the Decentralized Administration of Macedonia and Thrace. Its nickname is &#951; &#931;&#965;&#956;&#960;&#961;&#969;&#964;&#949;&#973;&#959;&#965;&#963;&#945; (Symprotévousa), literally \"the co-capital\", a reference to its historical  or \"co-reigning\" city of the Eastern Roman (Byzantine) Empire, alongside Constantinople.\r\n\r\nThe municipality of Thessaloniki, the historical center, had a population of 385,406[1] in 2007, while the Thessaloniki Urban Area had a population of 800,764.and the Thessaloniki Metropolitan Area had 1,104,460 inhabitants in 2011.\r\n\r\nThessaloniki is Greece\'s second major economic, industrial, commercial and political centre, and a major transportation hub for the rest of southeastern Europe; its commercial port is also of great importance for Greece and the southeastern European hinterland.[8] The city is renowned for its festivals, events and vibrant cultural life in general,and is considered to be Greece\'s cultural capital. Events such as the Thessaloniki International Trade Fair and the Thessaloniki International Film Festival are held annually, while the city also hosts the largest bi-annual meeting of the Greek diaspora. Thessaloniki is the 2014 European Youth Capital.\r\n\r\nThe city of Thessaloniki was founded in 315 BC by Cassander of Macedon. An important metropolis by the Roman period, Thessaloniki was the second largest and wealthiest city of the Byzantine Empire. It was conquered by the Ottomans in 1430, and passed from the Ottoman Empire to modern Greece on 8 November 1912.',0,40.640063,22.944419,25),(44,'Delhi','Delhi.jpg','Delhi , officially the National Capital Territory of Delhi, is the capital territory of India.[5] Delhi is historically and culturally connected to both the Upper Doab of the Yamuna-Ganges river system and the Punjab region. It is bordered by Haryana on three sides and by Uttar Pradesh to the east. It is the largest city in India in terms of geographical area—about 1,484 square kilometres (573 sq mi). It has a population of about 16.3 million, making it the second most populous city and second most populous urban agglomeration in India and 3rd largest urban area in the world.Such is the nature of urban expansion in Delhi that its growth has expanded beyond the NCT to incorporate towns in neighbouring states and at its largest extent can count a population of about 25 million residents as of 2014.After Mumbai, Delhi has the second-highest number of billionaires and millionaires among all cities in India.\r\n\r\nDelhi has been continuously inhabited since the 6th century BCE.Through most of its history, Delhi has served as a capital of various kingdoms and empires. It has been captured, ransacked and rebuilt several times, particularly during the medieval period, and modern Delhi is a cluster of a number of cities spread across the metropolitan region.',0,28.613939,77.209021,26),(45,'Kanpur','Kanpur.jpg','Kanpur is the  largest city in the state of Uttar Pradesh in India. It is the administrative headquarters of Kanpur Nagar district and Kanpur division.\r\n\r\nKanpur has an area of over 322 km2 with an approximate population of 5.03 million inhabitants in its area. It is administratively divided into 6 zones and 110 wards with a ward population range of 19,000 to 30,000. It is the 75th largest city in the world.\r\n\r\nThe name is believed to have derived from Karnapur (meaning \"town of Karna\", one of the heroes of the Mahabharata). Another theory is that it came from the nearby town of Makanpur, earlier known as Khairabad, where the Sufi saint of the Madariya Sufi order, Badiuddin Zinda Shah Madar, settled',0,26.449923,80.331874,26),(46,'Chennai','Chennai.jpg','Chennai  is the capital city of the Indian state of Tamil Nadu. Located on the Coromandel Coast off the Bay of Bengal, it is the biggest cultural, economic and educational centre in South India. Chennai is known as the \"Detroit of South Asia\" for its automobile industry.[8] It is the fourth-largest city and fourth-most populous metropolitan area in the country and 36th-largest urban area in the world. Chennai is the most visited city in India by foreign tourists, and 38th most visited city in the world.\"The quality of living survey\" rated Chennai as the safest city in India.Chennai attracts about 45% of health tourists from abroad arriving in India, so the city is termed as \"health capital of India\".\r\n\r\nThe city is host to the third-largest expatriate population in India after Mumbai and Delhi, with 35,000 in 2009 and steadily climbing to 82,790, in 2011.Tourism guide publisher Lonely Planet named Chennai as one of the top ten cities in the world to visit in 2015. Chennai is ranked as a beta-level city in the Global Cities Index  and was ranked the best city in India by India Today in the 2014 annual Indian city survey. Chennai has also been named in the \"hottest\" cities to live in for 2015 by BBC among global cities with a mixture of both modern and traditional values.National Geographic ranked Chennai as world\'s 2nd best food city and Chennai was the only Indian city to feature in the list.Chennai was also named as the 9th-best cosmopolitan city in the world by Lonely Planet',0,13.08268,80.270718,26),(47,'Handa','Handa.jpg','Handa has a strong historical connection with soy sauce, sake and vinegar brewing, and remains the worldwide headquarters of the Mizkan Vinegar Group. During World War II, Nakajima Aircraft Company established an aircraft production plant in Handa. In the post-war period, this was redeveloped into a heavy industrial zone, including a production plant by Dow Chemical. Handa and Midland, Michigan became Sister Cities in 1981, a relationship that continues to this day.',0,33.133472,71.082461,27),(48,'Toyokawa','Toyokawa.jpg','Toyokawa  is a city located in the eastern part of Aichi Prefecture, Japan. As of May 2015, the city had an estimated population of 181,051 and a population density of 1120 persons per km². The total area was 161.14 square kilometres (62.22 sq mi). Toyokawa, famous for its Toyokawa Inari temple, is blessed with a good balance of industry, commerce, agriculture and forestry spread over its 160 km² boundary, and is situated in an area rich in history, traditions, and culture.',0,34.826851,137.375542,26),(49,'Beirut','Beirut.jpg','Beirut  is the capital and largest city of Lebanon. No recent population census has been done but in 2007 estimates ranged from slightly more than 1 million to slightly less than 2 million as part of Greater Beirut. Located on a peninsula at the midpoint of Lebanon\'s Mediterranean coast, Beirut is the country\'s largest and main seaport.\r\n\r\nIt is one of the oldest cities in the world, inhabited more than 5,000 years ago. The first historical mention of Beirut is found in the ancient Egyptian Tell el Amarna letters dating from the 15th century BC. The Beirut River runs south to north on the eastern edge of the city.\r\n\r\nBeirut is Lebanon\'s seat of government and plays a central role in the Lebanese economy, with many banks and corporations based in its Central District, Badaro, Rue Verdun, Hamra and Ashrafieh. Following the destructive Lebanese Civil War, Beirut\'s cultural landscape underwent major reconstruction.Identified and graded for accountancy, advertising, banking/finance and law, Beirut is ranked as a Beta World City by the Globalization and World Cities Research Network.\r\n\r\nIn May 2015, Beirut was officially recognized as one of the New7Wonders Cities together with Vigan',0,33.888629,35.495479,28),(50,'Aley','Aley.jpg','Aley  is a city in  Lebanon. It is located 17 km uphill from Beirut on the Freeway that leads to Damascus. It is also the capital of the Aley District and fourth largest city and one of the most important cities in Lebanon. Aley earns the nickname \'Bride of the Summer due to its importance in Tourism. It earns also many other nicknames like \'The capital of the Mountains and the Lebanese \'City of Fog due to its foggy weather even in the summer.',0,33.810054,35.597375,28),(51,' Moscow',' Moscow.jpg','Moscow  is the capital and the largest city of Russia, with 12.2 million residents within the city limits and 16.8 million within the urban area. Moscow has the status of a federal city in Russia.\r\n\r\nMoscow is a major political, economic, cultural, and scientific center of Russia and Eastern Europe, as well as the largest city entirely on the European continent. By broader definitions Moscow is among the world\'s largest cities, being the 14th largest metro area, the 18th largest agglomeration, the 15th largest urban area, and the 11th largest by population within city limits worldwide. According to Forbes 2013, Moscow has been ranked as the ninth most expensive city in the world by Mercer and has one of the world\'s largest urban economies, being ranked as an alpha global city according to the Globalization and World Cities Research Network, and is also one of the fastest growing tourist destinations in the world according to the MasterCard Global Destination Cities Index. Moscow is the northernmost and coldest megacity and metropolis on Earth. It is home to the Ostankino Tower, the tallest free standing structure in Europe; the Federation Tower, the tallest skyscraper in Europe; and the Moscow International Business Center. By its territorial expansion on July 1, 2012 southwest into the Moscow Oblast, the area of the capital more than doubled, going from 1,091 to 2,511 square kilometers (421 to 970 sq mi), and it gained an additional population of 233,000 people.',0,55.755826,37.6173,29),(52,' Saint Petersburg',' Saint Petersburg.jpg','Saint Petersburg (Russian: &#1057;&#1072;&#1085;&#1082;&#1090;-&#1055;&#1077;&#1090;&#1077;&#1088;&#1073;&#1091;&#769;&#1088;&#1075;, tr. Sankt-Peterburg; IPA: [&#712;sankt p&#690;&#618;t&#690;&#618;r&#712;burk] ( listen)) is the second largest city in Russia. It is politically incorporated as a federal subject (a federal city). It is located on the Neva River at the head of the Gulf of Finland on the Baltic Sea. It was named Saint Petersburg in 1703. In 1914 the name of the city was changed from Saint Petersburg to Petrograd (Russian: &#1055;&#1077;&#1090;&#1088;&#1086;&#1075;&#1088;&#1072;&#769;&#1076;; IPA: [p&#690;&#618;tr&#592;&#712;grat]), in 1924 to Leningrad (Russian: &#1051;&#1077;&#1085;&#1080;&#1085;&#1075;&#1088;&#1072;&#769;&#1076;; IPA: [l&#690;&#618;n&#690;&#618;n&#712;grat]), and in 1991, back to Saint Petersburg. In Russian literature, informal documents, and discourse, the word \"Saint\" is usually omitted, leaving \"Petersburg\". In casual conversation Russians may drop the \"burg\" as well, referring to it as \"Peter\": Russian: &#1055;&#1080;&#1090;&#1077;&#1088; (Piter).\r\n\r\nTsar Peter the Great founded Saint Petersburg on May 27 [O.S. 16] 1703. Between 1713–1728 and 1732–1918 Saint Petersburg functioned as the imperial capital of Russia. In 1918 the central government bodies moved from Saint Petersburg (then named Petrograd) to Moscow. It is Russia\'s second-largest city after Moscow, with 5 million inhabitants (2012), and the fourth most populated federal subject.Saint Petersburg is a major European cultural center, and also an important Russian port on the Baltic Sea.',0,59.93428,30.335099,29),(53,'Samara','Samara.jpg','Samara  known from 1935 to 1991 as Kuybyshev (&#1050;&#1091;&#1081;&#1073;&#1099;&#1096;&#1077;&#1074;; IPA: [&#712;kujb&#616;&#642;&#616;f]), is the sixth largest[6] city in Russia and the administrative center of Samara Oblast. It is situated in the southeastern part of European Russia at the confluence of the Volga and Samara Rivers on the east bank of the Volga. The Volga acts as the city\'s western boundary; across the river are the Zhiguli Mountains, after which the local beer (Zhigulyovskoye) is named. The northern boundary is formed by the Sokolyi Hills and by the steppes in the south and east. The land within the city boundaries covers 46,597 hectares (115,140 acres). Population: 1,164,685&#8201;(2010 Census); 1,157,880&#8201;(2002 Census);1,254,460&#8201;(1989 Census).The metropolitan area of Samara-Tolyatti-Syzran within Samara Oblast contains a population of over three million.\r\n\r\nFormerly a closed city, Samara is now a large and important social, political, economic, industrial, and cultural centre in European Russia and hosted the European Union—Russia Summit in May 2007. It has a continental climate characterised by hot summers and cold winters. The life of Samara\'s citizens has always been intrinsically linked to the Volga River, which has not only served as the main commercial thoroughfare of Russia throughout several centuries, but also has great visual appeal. Samara\'s riverfront is considered one of the favourite recreation places both for local citizens and tourists. After the Soviet novelist Vasily Aksyonov visited Samara, he remarked: \"I am not sure where in the West one can find such a long and beautiful embankment. Possibly only around Lake Geneva\"',0,53.241504,50.221246,29),(54,'Cairo','Cairo.jpg','Cairo is the capital and largest city of Egypt. Greater Cairo is the largest metropolitan area in the Middle East and the Arab world, and 15th-largest in the world, and is associated with ancient Egypt, as the famous Giza pyramid complex and the ancient city of Memphis are located in its geographical area. Located near the Nile Delta modern Cairo was founded in 969 CE by Jawhar al-Siqilli (\"the Sicilian\") of the Fatimid dynasty, but the land composing the present-day city was the site of ancient national capitals whose remnants remain visible in parts of Old Cairo. Cairo has long been a center of the region\'s political and cultural life, and is nicknamed \"the city of a thousand minarets\" for its preponderance of Islamic architecture.\r\n\r\nEgyptians today often refer to Cairo as Ma&#7779;r ([m&#593;s&#740;&#638;], &#1605;&#1589;&#1585;), the Egyptian Arabic pronunciation of the name for Egypt itself, emphasizing the city\'s continued role in Egyptian influence.[3][4] Its official name is &#1575;&#1604;&#1602;&#1575;&#1607;&#1585;&#1577; al-Q&#257;hirah&#8239;, means literally: \"the Defeater\", in reference to the fact that the planet Mars (\"Al Najm Al Qahir\") was rising at the time when the city was founded[citation needed] as well as, \"the Vanquisher\"; \"the Conqueror\"; Egyptian Arabic pronunciation \"the Defeater\" or, \" \"the Victorious\" (al-Qahira) in reference to the much awaited Caliph al-Mu\'izz li Din Allah who arrived from the old Fatimid Ifriqiyan capital of Mahdia in 973 to the city. The Egyptian name for Cairo is said to be: Khere-Ohe, meaning: \"The Place of Combat\", supposedly, in reference to a battle which took place between the Gods Seth and Horus.Sometimes the city is informally also referred to as Kayro [&#712;kæj&#638;o].[7] It is also called Umm ad-Dunya, meaning \"the mother of the world\".',0,30.04442,31.235712,19),(55,'Alexandria','Alexandria.jpg','Alexandria was founded around a small Ancient Egyptian town c. 331 BC by Alexander the Great. It became an important center of the Hellenistic civilization and remained the capital of Hellenistic and Roman and Byzantine Egypt for almost 1000 years until the Muslim conquest of Egypt in AD 641, when a new capital was founded at Fustat (later absorbed into Cairo). Hellenistic Alexandria was best known for the Lighthouse of Alexandria (Pharos), one of the Seven Wonders of the Ancient World; its Great Library (the largest in the ancient world; now replaced by a modern one); and the Necropolis, one of the Seven Wonders of the Middle Ages. Alexandria was the second most powerful city of the ancient world after Rome. Ongoing maritime archaeology in the harbor of Alexandria, which began in 1994, is revealing details of Alexandria both before the arrival of Alexander, when a city named Rhacotis existed there, and during the Ptolemaic dynasty.',0,38.804836,-77.046921,19),(56,'Aswan','Aswan.jpg','Aswan is a busy market and tourist centre located just north of the Aswan Dams on the east bank of the Nile at the first cataract. The modern city has expanded and includes the formerly separate community on the island of Elephantine.',0,24.088938,32.899829,19),(57,'Luxor','Luxor.jpg','Luxor has frequently been characterized as the \"world\'s greatest open-air museum\", as the ruins of the temple complexes at Karnak and Luxor stand within the modern city. Immediately opposite, across the River Nile, lie the monuments, temples and tombs of the West Bank Necropolis, which includes the Valley of the Kings and Valley of the Queens. Thousands of tourists from all around the world arrive annually to visit these monuments, contributing greatly to the economy of the modern city.',0,25.687243,32.639636,18);
/*!40000 ALTER TABLE `city` ENABLE KEYS */;
UNLOCK TABLES;

--
-- Table structure for table `comment`
--

DROP TABLE IF EXISTS `comment`;
/*!40101 SET @saved_cs_client     = @@character_set_client */;
/*!40101 SET character_set_client = utf8 */;
CREATE TABLE `comment` (
  `id` int(10) NOT NULL AUTO_INCREMENT,
  `content` text NOT NULL,
  `exp_id` int(10) NOT NULL,
  `user_id` int(10) NOT NULL,
  `datetime` datetime NOT NULL,
  PRIMARY KEY (`id`),
  KEY `exp_id` (`exp_id`,`user_id`),
  KEY `user_id` (`user_id`),
  CONSTRAINT `comment_ibfk_1` FOREIGN KEY (`exp_id`) REFERENCES `experience` (`id`) ON DELETE CASCADE ON UPDATE CASCADE,
  CONSTRAINT `comment_ibfk_2` FOREIGN KEY (`user_id`) REFERENCES `user` (`id`) ON DELETE CASCADE ON UPDATE CASCADE
) ENGINE=InnoDB DEFAULT CHARSET=latin1;
/*!40101 SET character_set_client = @saved_cs_client */;

--
-- Dumping data for table `comment`
--

LOCK TABLES `comment` WRITE;
/*!40000 ALTER TABLE `comment` DISABLE KEYS */;
/*!40000 ALTER TABLE `comment` ENABLE KEYS */;
UNLOCK TABLES;

--
-- Table structure for table `country`
--

DROP TABLE IF EXISTS `country`;
/*!40101 SET @saved_cs_client     = @@character_set_client */;
/*!40101 SET character_set_client = utf8 */;
CREATE TABLE `country` (
  `id` int(10) NOT NULL AUTO_INCREMENT,
  `name` varchar(50) NOT NULL,
  `image_path` varchar(100) NOT NULL,
  `rate` int(50) NOT NULL DEFAULT '0',
  `lat` double DEFAULT NULL,
  `longd` double DEFAULT NULL,
  PRIMARY KEY (`id`)
) ENGINE=InnoDB AUTO_INCREMENT=31 DEFAULT CHARSET=latin1;
/*!40101 SET character_set_client = @saved_cs_client */;

--
-- Dumping data for table `country`
--

LOCK TABLES `country` WRITE;
/*!40000 ALTER TABLE `country` DISABLE KEYS */;
INSERT INTO `country` VALUES (18,'Algeria','Algeria.jpg',0,NULL,NULL),(19,'Egypt','Egypt.jpg',0,NULL,NULL),(20,'Turkey','Turkey.jpg',0,NULL,NULL),(21,'France','rsz_france.jpg',0,NULL,NULL),(22,'Canada','Canada.jpg',0,NULL,NULL),(23,'China ','china.png',0,NULL,NULL),(24,'Germany','Germany.jpg',0,NULL,NULL),(25,'Greece','Greece.jpg',0,NULL,NULL),(26,'India','India.jpg',0,NULL,NULL),(27,'japan','japan.jpg',0,NULL,NULL),(28,'Lebanon','Lebanon.jpg',0,NULL,NULL),(29,'Russia','Russia.jpg',0,NULL,NULL),(30,'Italy','Italy.jpg',0,NULL,NULL);
/*!40000 ALTER TABLE `country` ENABLE KEYS */;
UNLOCK TABLES;

--
-- Table structure for table `experience`
--

DROP TABLE IF EXISTS `experience`;
/*!40101 SET @saved_cs_client     = @@character_set_client */;
/*!40101 SET character_set_client = utf8 */;
CREATE TABLE `experience` (
  `id` int(10) NOT NULL AUTO_INCREMENT,
  `content` text,
  `title` varchar(100) NOT NULL,
  `city_id` int(10) NOT NULL,
  `user_id` int(10) NOT NULL,
  `image_path` varchar(10000) DEFAULT NULL,
  PRIMARY KEY (`id`),
  KEY `city_id` (`city_id`,`user_id`),
  KEY `user_id` (`user_id`),
  CONSTRAINT `experience_ibfk_1` FOREIGN KEY (`city_id`) REFERENCES `city` (`id`) ON DELETE CASCADE ON UPDATE CASCADE,
  CONSTRAINT `experience_ibfk_2` FOREIGN KEY (`user_id`) REFERENCES `user` (`id`) ON DELETE CASCADE ON UPDATE CASCADE
) ENGINE=InnoDB DEFAULT CHARSET=latin1;
/*!40101 SET character_set_client = @saved_cs_client */;

--
-- Dumping data for table `experience`
--

LOCK TABLES `experience` WRITE;
/*!40000 ALTER TABLE `experience` DISABLE KEYS */;
/*!40000 ALTER TABLE `experience` ENABLE KEYS */;
UNLOCK TABLES;

--
-- Table structure for table `hotel`
--

DROP TABLE IF EXISTS `hotel`;
/*!40101 SET @saved_cs_client     = @@character_set_client */;
/*!40101 SET character_set_client = utf8 */;
CREATE TABLE `hotel` (
  `name` varchar(11) NOT NULL,
  `city_id` int(11) NOT NULL,
  PRIMARY KEY (`name`),
  KEY `city_id` (`city_id`),
  CONSTRAINT `hotel_ibfk_1` FOREIGN KEY (`city_id`) REFERENCES `city` (`id`) ON DELETE CASCADE ON UPDATE CASCADE
) ENGINE=InnoDB DEFAULT CHARSET=latin1;
/*!40101 SET character_set_client = @saved_cs_client */;

--
-- Dumping data for table `hotel`
--

LOCK TABLES `hotel` WRITE;
/*!40000 ALTER TABLE `hotel` DISABLE KEYS */;
INSERT INTO `hotel` VALUES ('Royal',54);
/*!40000 ALTER TABLE `hotel` ENABLE KEYS */;
UNLOCK TABLES;

--
-- Table structure for table `location`
--

DROP TABLE IF EXISTS `location`;
/*!40101 SET @saved_cs_client     = @@character_set_client */;
/*!40101 SET character_set_client = utf8 */;
CREATE TABLE `location` (
  `id` int(10) NOT NULL AUTO_INCREMENT,
  `name` varchar(50) NOT NULL,
  `description` text,
  `image_path` varchar(100) NOT NULL,
  `city_id` int(10) NOT NULL,
  PRIMARY KEY (`id`),
  KEY `city_id` (`city_id`),
  CONSTRAINT `location_ibfk_1` FOREIGN KEY (`city_id`) REFERENCES `city` (`id`) ON DELETE CASCADE ON UPDATE CASCADE
) ENGINE=InnoDB DEFAULT CHARSET=latin1;
/*!40101 SET character_set_client = @saved_cs_client */;

--
-- Dumping data for table `location`
--

LOCK TABLES `location` WRITE;
/*!40000 ALTER TABLE `location` DISABLE KEYS */;
/*!40000 ALTER TABLE `location` ENABLE KEYS */;
UNLOCK TABLES;

--
-- Table structure for table `rent_car`
--

DROP TABLE IF EXISTS `rent_car`;
/*!40101 SET @saved_cs_client     = @@character_set_client */;
/*!40101 SET character_set_client = utf8 */;
CREATE TABLE `rent_car` (
  `id` int(10) NOT NULL AUTO_INCREMENT,
  `from_city` int(10) NOT NULL,
  `to_city` int(10) NOT NULL,
  `pick_time` varchar(50) NOT NULL,
  `leaving_time` varchar(50) NOT NULL,
  `user_id` int(10) NOT NULL,
  PRIMARY KEY (`id`),
  KEY `user_id` (`user_id`),
  KEY `from_city` (`from_city`,`to_city`),
  KEY `to_city` (`to_city`),
  CONSTRAINT `rent_car_ibfk_3` FOREIGN KEY (`user_id`) REFERENCES `user` (`id`) ON DELETE CASCADE ON UPDATE CASCADE,
  CONSTRAINT `rent_car_ibfk_4` FOREIGN KEY (`from_city`) REFERENCES `location` (`id`) ON DELETE CASCADE ON UPDATE CASCADE,
  CONSTRAINT `rent_car_ibfk_5` FOREIGN KEY (`to_city`) REFERENCES `location` (`id`) ON DELETE CASCADE ON UPDATE CASCADE
) ENGINE=InnoDB DEFAULT CHARSET=latin1;
/*!40101 SET character_set_client = @saved_cs_client */;

--
-- Dumping data for table `rent_car`
--

LOCK TABLES `rent_car` WRITE;
/*!40000 ALTER TABLE `rent_car` DISABLE KEYS */;
/*!40000 ALTER TABLE `rent_car` ENABLE KEYS */;
UNLOCK TABLES;

--
-- Table structure for table `user`
--

DROP TABLE IF EXISTS `user`;
/*!40101 SET @saved_cs_client     = @@character_set_client */;
/*!40101 SET character_set_client = utf8 */;
CREATE TABLE `user` (
  `id` int(10) NOT NULL AUTO_INCREMENT,
  `username` varchar(50) NOT NULL,
  `email` varchar(50) NOT NULL,
  `password` varchar(50) NOT NULL,
  `is_active` int(2) NOT NULL DEFAULT '1',
  `is_admin` int(2) NOT NULL DEFAULT '0',
  `image_path` varchar(1000) DEFAULT NULL,
  PRIMARY KEY (`id`),
  UNIQUE KEY `email` (`email`)
) ENGINE=InnoDB AUTO_INCREMENT=13 DEFAULT CHARSET=latin1;
/*!40101 SET character_set_client = @saved_cs_client */;

--
-- Dumping data for table `user`
--

LOCK TABLES `user` WRITE;
/*!40000 ALTER TABLE `user` DISABLE KEYS */;
INSERT INTO `user` VALUES (1,'caroline','caroline@gmail.com','123456',1,1,NULL),(3,'aya','aya@gmail.com','123456',1,1,NULL),(4,'hossam','hossam@gmail.com','123456',1,0,NULL),(5,'ibthal','ibthal@gmail.com','123456',1,0,NULL),(6,'merna ','merna@gmail.com','123456',1,0,NULL),(7,'christina','christina@gmail.com','123456',1,0,NULL),(8,'mohamed','mohamed.ramdan@gmail.com','123456',1,1,NULL),(9,'amira','amira.aly@gamil.com','123456',1,1,NULL),(10,'ahmed','ahmed@gmail.com','123456',1,0,NULL),(11,'yasmen','yasmen@gmail.com','123456',1,0,NULL),(12,'noha','noha@gmail.com','123456',1,0,NULL);
/*!40000 ALTER TABLE `user` ENABLE KEYS */;
UNLOCK TABLES;
/*!40103 SET TIME_ZONE=@OLD_TIME_ZONE */;

/*!40101 SET SQL_MODE=@OLD_SQL_MODE */;
/*!40014 SET FOREIGN_KEY_CHECKS=@OLD_FOREIGN_KEY_CHECKS */;
/*!40014 SET UNIQUE_CHECKS=@OLD_UNIQUE_CHECKS */;
/*!40101 SET CHARACTER_SET_CLIENT=@OLD_CHARACTER_SET_CLIENT */;
/*!40101 SET CHARACTER_SET_RESULTS=@OLD_CHARACTER_SET_RESULTS */;
/*!40101 SET COLLATION_CONNECTION=@OLD_COLLATION_CONNECTION */;
/*!40111 SET SQL_NOTES=@OLD_SQL_NOTES */;

-- Dump completed on 2016-04-08 16:11:36
